<panel>
  <html>
    <table width="100%">
      <row>
        <td><img src="/static/app/lame_dashboard_app/QuestionMark.png" width="25" height="25"></img>
        <a href="/app/lame_dashboard_app/about_this_dashboard?id=$env:page$" target="_blank">About this page </a>
        </td>
        <td>
          
        </td>
        <td>
          <a href="/app/log_analysis_made_easy/search_for_dashboard?id=$env:page$" target="_blank">Search for a Dashboard </a>
          <img src="/static/app/lame_dashboard_app/MagnifyingGlass.png" width="25" height="25"></img>
        </td>
        <td>
           <a href="https://discordapp.com/channels/1021948803558940723/1021948805404430449" target="_blank">  <img src="/static/app/lame_dashboard_app/discord.png" width="100" height="35"></img> </a>
         
        </td>
      </row>
    </table>
    
  </html>
</panel>