<nav search_view="search">
<collection label="Demo Time">
  <collection label="Section 2">
    <view name="views_in_detail"/>
    <view name="study_questions"/>
    <view name="troubleshooting_dashboards"/>
    <view name="first_dashboard_for_udemy_course"/>
    <view name="prebuilt_panel"/>
  </collection>
  <collection label="Section 3">
    <view name="udemy_inputs_example"/>
    <view name="udemy_cascading_tokens"/>
    <view name="udemy_token_filters"/>
    <view name="global_tokens"/>
  </collection>
    <collection label="Section 4">
    <view name="refine_your_searches"/>
      <view name="example_of_good_scheduled_searches"/>
      <view name="data_model_tutorials_from_lame_youtube"/>
  </collection>
    <collection label="Section 5">
    <view name="views_in_detail"/>
    <view name="study_questions"/>
  </collection>
    <collection label="Section 6">
    <view name="views_in_detail"/>
    <view name="study_questions"/>
  </collection>
    <collection label="Section 7">
    <view name="views_in_detail"/>
    <view name="study_questions"/>
  </collection>
    <collection label="Section 8">
    <view name="views_in_detail"/>
    <view name="study_questions"/>
  </collection>
    <collection label="Section 9">
    <view name="views_in_detail"/>
    <view name="study_questions"/>
  </collection>
</collection>
 
<collection label="Labs">
  <collection label="Section 2">
	
  </collection>
</collection>  

<collection label="Splunk">
         <view name="search" default="true"  />
         <view name="analytics_workspace" />
         <view name="datasets" />
         <view name="reports" />
         <view name="alerts" />
         <view name="dashboards" />
  </collection>


</nav>