answer,id,optionA,optionB,optionC,optionD,question,reference,testType,video
"a,b,c",1,A name for the workflow action,A URI where the users will be directed at search time,A label taht will apear in the Event Action Menu at search time,A name for teh URi where the user will be directed at search time.,Information needed to create a GET workflow includes which of the following?  (Choose all that apply),https://splunkonbigdata.com/2018/10/27/usage-of-splunk-eval-function-tostring/,PowerUser,tbd
"a,b,d",2,"""hex""","""commas""","""decimal""","""duration'",Which of the following can be used with the eval command tostring function? (Choose all that apply),https://answers.splunk.com/answers/574643/field-showing-an-additional-and-not-visible-value-1.html,PowerUser,tbd
"a,b",3,A,B,C,D,Which of the following searches show a valid use of a macro? (Choose all that apply),None at this time,PowerUser,tbd
b,4,It doesn't matter whether eval or sort is used first,"Convert the numeric to a string with eval first, then sort.","Use sort first, the convert the numeric to a string with eval.",You cannot use the sort command and the eval command on the same field,"A user wants to convert numeric field values to strings and also to sort on those values.  Which command should be used first, the eval or the sort?",None at this time,PowerUser,tbd
"b,d",5,Macros,Lookups,Workflow Actions,Field Extractions,"Which Knowledge Object does the Splunk Common Information Model (CIM) use to normalize data, in addition to field aliases, event types, and tags? ",https://docs.splunk.com/Documentation/CIM/4.15.0/User/UsetheCIMtonormalizedataatsearchtime,PowerUser,tbd
"b,c,d",6,Root events cannot be accelerated.,Accelerated data models cannot be edited.,Private data models cannot be accelerated.,You must have administrative permissions or the accelerate_datamodel capability to accelerate a data model.,Which of the following statements describe data model acceleration? (Choose all that apply.),None at this time,PowerUser,tbd
c,7,By using the stack command.,By turning on the Use Trellis Layout option.,By changing Stack Mode in the Format menu.,"You cannot display a chart in stack mode, only a timechart.",How does a user display a chart in stack mode?,None at this time,PowerUser,tbd
a,8,0,N/A,ג€”,NULL,"If no value is specified with the fillnull command, what default value will be used? ",https://answers.splunk.com/answers/653427/fillnull-doesnt-work-without-specfying-a-field.html,PowerUser,tbd
a,9,"| chart count by vendor_action, user","| chart count over vendor_action, user",| chart count by vendor_action over user,| chart count over user by vendor_action,What other syntax will produce exactly the same results as | chart count over vendor_action by user?,None at this time,PowerUser,tbd
c,10,Fields and variables.,Fields and attributes.,Constraints and fields.,Constraints and lookups.,What are the two parts of a root event dataset?,https://docs.splunk.com/Documentation/SplunkLight/7.3.5/GettingStarted/Designdatamodelobjects,PowerUser,tbd
b,11,"0, because timechart doesn’t support using a by clause. ","1, because _time is already implied as the x-axis.","2, because one field would represent the x-axis and the other would represent the y-axis.",There is no limit specific to timechart.,"When using timechart, how many fields can be listed after a by clause? ",None at this time,PowerUser,tbd
b,12,"Both will appear in the All Fields list, but only if the alias is specified in the search. ","Both will appear in the Interesting Fields list, but only if they appear in at least 20 percent of events.",The original field only appears in All Fields list and the alias only appears in the Interesting Fields list.,The alias only appears in the All Fields list and the original field only appears in the Interesting Fields list.,A field alias has been created based on an original field. A search without any transforming commands is then executed in Smart Mode.,None at this time,PowerUser,tbd
b,13,A macro is a reusable search string that must contain the full search.,A macro is a reusable search string that must have a fixed time range.,A macro is a reusable search string that may have a flexible time range.,A macro is a reusable search string that must contain only a portion of the search.,Which of the following statements describes macros?,https://docs.splunk.com/Documentation/Splunk/8.0.3/Knowledge/Definesearchmacros,PowerUser,tbd
c,14,When a search should always include the same time range.,When a search needs to be added to other users’ dashboards.,When the search string needs to be used in future searches.,When formatting needs to be included with the search string.,In which of the following scenarios is an event type more effective than a saved search?,https://answers.splunk.com/answers/4993/eventtype-vs-saved-search.html,PowerUser,tbd
d,15,It does not allow the use of wildcards.,It treats field values in a case-sensitive manner.,It can only be used at the beginning of the search pipeline.,It behaves exactly like search strings before the first pipe.,Which one of the following statements about the search command is true?,https://docs.splunk.com/Documentation/SplunkCloud/8.0.2003/Search/Usethesearchcommand,PowerUser,tbd
b,16,Remove fields from results.,Create or replace an existing field.,Group transactions by one or more fields.,Save SPL commands to be reused in other searches.,Which of the following actions can the eval command perform?,None at this time,PowerUser,tbd
a,17,A pipe may always follow a macro.,The current user must own the macro.,The macro must be defined in the current app.,Only when sharing is set to global for the macro.,When can a pipe follow a macro?,None at this time,PowerUser,tbd
"a,b,c",18,Events datasets,Search datasets,Transaction datasets,"Any child of event, transaction, and search datasets ",Data models are composed of one or more of which of the following datasets? (Choose all that apply.),https://docs.splunk.com/Documentation/Splunk/8.0.3/Knowledge/Aboutdatamodels,PowerUser,tbd
"b,d",19,Tabs,Pipes,Colons,Spaces,"When using the Field Extractor (FX), which of the following delimiters will work? (Choose all that apply.) ",https://docs.splunk.com/Documentation/Splunk/8.0.3/Knowledge/FXSelectMethodstep,PowerUser,tbd
d,20,Users,Architects,Administrators,Knowledge Managers,Which group of users would most likely use pivots?,https://docs.splunk.com/Documentation/Splunk/8.0.3/Pivot/IntroductiontoPivot,PowerUser,tbd
c,21,Rank,Weight,Priority,Precedence,"When multiple event types with different color values are assigned to the same event, what determines the color displayed for the event? ",https://docs.splunk.com/Documentation/SplunkCloud/8.0.2003/Knowledge/Defineeventtypes,PowerUser,tbd
b,22,"”convert_sales(euro,ג‚¬,.79)” ","‘convert_sales(euro,ג‚¬,.79)’","“convert_sales($euro$,$ג‚¬$,$.79$)” ","‘convert_sales($euro$,$ג‚¬$,$.79$)’","Based on the macro definition shown below, what is the correct way to execute the macro in a search string? ",https://docs.splunk.com/Documentation/Splunk/8.0.3/Knowledge/Usesearchmacros,PowerUser,tbd
a,23,Event Actions > Extract Fields,Fields sidebar > Extract New Fields,Settings > Field Extractions > New Field Extraction,Settings > Field Extractions > Open Field Extractor,"There are several ways to access the field extractor. Which option automatically identifies the data type, source type, and sample event? ",https://docs.splunk.com/Documentation/Splunk/8.0.4/Knowledge/Managesearch-timefieldextractions,PowerUser,tbd
"a,c,d",24,Event types can be tagged.,"Event types must include a time range,",Event types categorize events based on a search.,Event types can be a useful method for capturing and sharing knowledge.,Which of the following statements about event types is true? (select all that apply),https://www.edureka.co/blog/splunk-events-event-types-and-tags/,PowerUser,
b,25,ndex-main | REJECT trans sessionid,Index-main | transaction sessionid | search REJECT,Index=main | transaction sessionid | whose transaction=reject,"Index=main | transaction sessionid | where transaction=""reject’’","To identify all of the contributing events within a transaction that contains at least one REJECT event, which syntax is correct? ",,PowerUser,
"b,c,d",26,Tabs,Pipes,Spaces,Commas,Which delimiters can the Field Extractor (FX) detect? (Choose all that apply.),https://docs.splunk.com/Documentation/Splunk/8.0.3/Knowledge/FXSelectMethodstep,PowerUser,
"a,b",27,CIM is a methodology for normalizing data.,CIM can correlate data from different sources.,The Knowledge Manager uses the CIM to create knowledge objects.,CIM is an app that can coexist with other apps on a single Splunk deployment.,Which of the following statements describe the Common Information Model (CIM)? (Choose all that apply.),,PowerUser,
c,28,Add an output,Export a dashboard panel,Modify the chart type displayed in a dashboard panel,Drag a dashboard panel to a different location on the dashboard,"editing a dashboard, which of the following are possible options? (select all that apply)",,User,
a,29,limit,useperc,addtotals,fieldcount,Which of the following constraints can be used with the top command?,,User,
a,30,limit,useperc,addtotals,fieldcount,Which of the following constraints can be used with the top command?,https://answers.splunk.com/answers/339141/how-to-use-top-command-or-stats-with-sortresults.html,User,tbd
a,31,In chronological order.,Randomly by default,In reverse chronological order.,Alphabetically according to field name.,How are events displayed after a search is executed?,https://docs.splunk.com/Documentation/Splunk/7.2.6/SearchReference/Eventorderfunctions,User,tbd
c,32,Description_Group_Object,Group_Description_Object,Group_Object_Description,Object_Group_Description,Which of the following represents the Splunk recommended naming convention for dashboards?,https://docs.splunk.com/Documentation/Splunk/7.2.6/Knowledge/ Developnamingconventionsforknowledgeobjecttitles,User,tbd
d,33,Auto-detect changes in performance.,Auto-generated PDF reports of overall data trends.,Regularly scheduled archiving to keep disk space use low.,Triggering an alert in your Splunk instance when certain conditions are met.,What is a primary function of a scheduled report?,https://docs.splunk.com/Documentation/Splunk/7.2.6/Report/Schedulereports,User,tbd
d,34,|,$,!,",","When sorting on multiple fields with the sort command, what delimiter can be used between the field names in the search?",https://docs.splunk.com/Documentation/Splunk/7.2.6/SearchReference/Sort,User,tbd
a,35,"limit, count","limit, showpercent","limits, countfield","showperc, countfield",Which of the following are common constraints of the top command?,,User,
c,36,The lookup must be configured to run automatically.,The contents of the lookup file must be copied and pasted into the search bar.,The lookup file must be uploaded to Splunk and a lookup definition must be created.,The lookup file must be uploaded to the etc/apps/lookups folder for automatic ingestion.,What must be done in order to use a lookup table in Splunk?,,User,
c,37,By scheduling a report.,By creating a link to the job.,By changing the job settings.,By changing the time range picker to more than 7 days.,How can search results be kept longer than 7 days?,https://docs.splunk.com/Documentation/Splunk/7.2.6/Search/Extendjoblifetimes,User,tbd
a,38,index=security sourcetype=access_* status=200 stats | count by price,index=security sourcetype=access_* status=200 | stats count by price,index=security sourcetype=access_* status=200 | stats count | by price,index=security sourcetype=access_* | status=200 | stats count by price,Select the answer that displays the accurate placing of the pipe in the following search string:index=security sourcetype=access_* status=200 stats count by price,https://docs.splunk.com/Documentation/Splunk/7.2.6/Search/Aboutsubsearches,User,tbd
c,39,lookup,csvlookup,inputlookup,outputlookup,Which command is used to review the contents of a specified static lookup file?,,User,
c,40,Indexer,Forwarder,Search Head,Deployment Server,Which of the following Splunk components typically resides on the machines where data originates?,,User,
a,41,Filter as early as possible.,Never specify more than one index.,Include as few search terms as possible.,Use wildcards to return more search results.,Which of the following is a Splunk search best practice?,,User,
d,42,They must be lowercase.,They must be uppercase.,They must be in quotations.,They must be in parentheses.,"When writing searches in Splunk, which of the following is true about Booleans?",https://docs.splunk.com/Documentation/Splunk/7.2.6/Search/Booleanexpressions,User,tbd
c,43,Line charts are optimal for single and multiple series.,Line charts are optimal for single series when using Fast mode.,Line charts are optimal for multiple series with 3 or more columns.,Line charts are optimal for multiseries searches with at least 2 or more columns,"When displaying results of a search, which of the following is true about line charts?",https://docs.splunk.com/Documentation/Splunk/7.2.6/Viz/LineAreaCharts,User,tbd
b,44,(index=netfw failure) AND index=netops warn OR critical,(index=netfw failure) OR (index=netops (warn OR critical)),(index=netfw failure) AND (index=netops (warn OR critical)),(index=netfw failure) OR index=netops OR (warn OR critical),Which of the following searches would return events with failure in index netfw or warn or criticalin index netops?,https://docs.splunk.com/Documentation/Splunk/7.2.6/Search/Aboutsubsearches,User,tbd
c,45,"You can modify the search string in the panel, and you can change and configure the visualization.","You can modify the search string in the panel, but you cannot change and configure the visualization.","You cannot modify the search string in the panel, but you can change and configure the visualization.","You cannot modify the search string in the panel, and you cannot change and configure the visualization.","When looking at a dashboard panel that is based on a report, which of the following is true?",https://docs.splunk.com/Documentation/Splunk/7.2.6/Viz/WorkingWithDashboardPanels,User,tbd
b,46,The lookup command must be used.,The lookup definition must be created.,The lookup file must be uploaded to Splunk.,The lookup file must be verified using the inputlookup command.,What must be done before an automatic lookup can be created? (select all that apply),https://docs.splunk.com/Documentation/Splunk/7.2.6/Knowledge/ DefineanautomaticlookupinSplunkWeb,User,tbd
d,47,All data accessible to the User role will appear in the report.,All data accessible to the owner of the report will appear in the report.,All data accessible to all users will appear in the report until the next time the report is run.,The owner of the report can configure permissions so that the report uses either the User role or the owner’s profile at run time.,What determines the scope of data that appears in a scheduled report?,https://docs.splunk.com/Documentation/Splunk/7.2.6/Report/Managereportpermissions,User,tbd
b,48,Search & Reporting is the only app that can be set as the default application.,Full names can only be changed by accounts with a Power User or Admin role.,Time zones are automatically updated based on the setting of the computer accessing Splunk.,"Full name, time zone, and default app can be defined by clicking the login name in the Splunk bar.",Which of the following is true about user account settings and preferences?,,User,
